Colegio,Edad,Genero,Institucion Educativa,Area de Residencia,En qué año escolar estás actualmente,Qué idiomas hablas? (Selecciona todos los que apliquen),Cuál es el nivel educativo más alto que han alcanzado tus padres o tutores,¿Cuál es el ingreso familiar mensual aproximado?,¿Cuáles de las siguientes actividades te interesan? (Selecciona todas las que apliquen),¿Cuáles de las siguientes actividades te gusta realizar ? (Selecciona todas las que apliquen),¿Qué asignaturas disfrutas más en la colegio?,¿Cuál de las siguientes carreras te parece más atractiva?,¿Quién influye más en tu decisión sobre qué estudiar en el futuro?,¿Tus maestros te han animado a explorar temas relacionados con la ciencia o la tecnología?,¿Qué opinan tus amigos sobre el estudio de disciplinas relacionadas con la tecnología o la ciencia?,¿Qué tanto apoyo recibes de tu familia para estudiar temas relacionados con las matemáticas o la ciencia?,"Qué obstáculos sientes que podrías enfrentar al seguir una de estas carreras (Ciencia, tecnología, ingeniería, Arte y Matemáticas)?  (Selecciona todas las que apliquen)",¿Qué sectores te interesan más para trabajar en el futuro?,¿Qué tan optimista te sientes sobre tu futuro en una carrera que involucre tecnología o ciencia?,¿Crees que tu carrera te brindará estabilidad económica?,¿Qué esperas lograr con tu carrera en términos de impacto social o tecnológico?,¿Crees que las innovaciones tecnológicas están mejorando la calidad de vida de las personas?,¿Qué área consideras más importante para que avance tecnológicamente?,"¿Cuál es la probabilidad de que selecciones una carrera relacionada con Ciencia, Tecnología, Ingeniería, Arte o Matemáticas (STEAM)?","¿Qué tan informado/a te sientes sobre las diferentes opciones de carrera dentro de las áreas de Ciencia, tecnología, ingeniería, Arte y Matemáticas (STEAM)?"
293,293,293,293,293,293,293,293,293,293,293,293,293,293,293,293,293,293,293,293,293,293,293,293,293,293
3,4,4,1,2,3,13,5,5,191,143,6,55,5,5,5,5,34,5,5,5,6,5,5,5,5
TOMAS DE AQUINO,16 años,Masculino,Privada,Urbana,Segundo de bachillerato,Español;,Bachillerato,$501 - $1000,"Me interesa trabajar con herramientas, máquinas y equipos.;",Explorar nuevas tecnologías y sus impactos en la sociedad.;,Matemáticas,Investigador/a científico/a,Familia,Opción 3,Neutro,Opción 5,Dificultad en las materias;,Tecnología,Opción 3,Opción 5,Mejorar la calidad de vida de las personas,Opción 5,Salud,Opción 3,Neutro
107,111,177,293,245,128,227,106,123,12,28,70,74,171,137,148,100,117,146,88,113,119,99,115,85,145
